{"loss": [0.7917046546936035,
  0.6725541949272156,
  0.6660974621772766,
  0.6366766095161438,
  0.644076406955719,
  0.6457063555717468,
  0.6293376088142395,
  0.6770563125610352,
  0.6387220025062561,
  0.6369649171829224,
  0.6329423785209656,
  0.6197465658187866,
  0.6281996965408325,
  0.6095702052116394,
  0.6394222974777222,
  0.6079694032669067,
  0.6165459752082825,
  0.6341499090194702,
  0.64580899477005,
  0.605012059211731,
  0.6076942682266235,
  0.6025921702384949,
  0.6027592420578003,
  0.6228419542312622,
  0.6077545881271362,
  0.6054054498672485,
  0.611170768737793,
  0.6092754602432251,
  0.6019619703292847,
  0.6186109781265259,
  0.6063717007637024,
  0.5994067788124084,
  0.5965442657470703,
  0.610690712928772,
  0.6160361766815186,
  0.6019841432571411,
  0.6066095232963562,
  0.6177812814712524,
  0.6100202798843384,
  0.6027275323867798,
  0.597942054271698,
  0.5935134887695312,
  0.5959354639053345,
  0.5986034870147705,
  0.5976392030715942,
  0.5994330048561096,
  0.5966742634773254,
  0.597004771232605,
  0.5996686220169067,
  0.6020674705505371],
 "accuracy": [0.5453125238418579,
  0.59375,
  0.602343738079071,
  0.6292968988418579,
  0.6312425136566162,
  0.6371093988418579,
  0.6480468511581421,
  0.6058593988418579,
  0.647656261920929,
  0.6552137732505798,
  0.641406238079071,
  0.661328136920929,
  0.662109375,
  0.6727926731109619,
  0.645703136920929,
  0.676562488079071,
  0.6566406488418579,
  0.64453125,
  0.6408309936523438,
  0.669921875,
  0.666796863079071,
  0.680468738079071,
  0.6807830333709717,
  0.659375011920929,
  0.681640625,
  0.671875,
  0.670703113079071,
  0.6644027233123779,
  0.6734374761581421,
  0.668749988079071,
  0.6792968511581421,
  0.68198162317276,
  0.6832031011581421,
  0.671093761920929,
  0.6664062738418579,
  0.6820312738418579,
  0.6783859133720398,
  0.6605468988418579,
  0.655078113079071,
  0.67578125,
  0.6771873831748962,
  0.6820312738418579,
  0.675000011920929,
  0.6773437261581421,
  0.68359375,
  0.6763883233070374,
  0.6953125,
  0.676953136920929,
  0.673046886920929,
  0.686328113079071],
 "precision": [0.49111899733543396,
  0.5489130616188049,
  0.573283851146698,
  0.5930101275444031,
  0.5925925970077515,
  0.6045785546302795,
  0.6167487502098083,
  0.5526838898658752,
  0.6326530575752258,
  0.6281464695930481,
  0.6109537482261658,
  0.6481481194496155,
  0.633874237537384,
  0.6559241414070129,
  0.6197327971458435,
  0.6513486504554749,
  0.6336429119110107,
  0.6070409417152405,
  0.6157450675964355,
  0.6527777910232544,
  0.6477046012878418,
  0.658738374710083,
  0.6401345133781433,
  0.6496815085411072,
  0.6551362872123718,
  0.6598360538482666,
  0.6630963683128357,
  0.6305015087127686,
  0.6506922245025635,
  0.6401960849761963,
  0.6686747074127197,
  0.6712473630905151,
  0.657608687877655,
  0.6709265112876892,
  0.6284444332122803,
  0.6722407937049866,
  0.6471204161643982,
  0.6482758522033691,
  0.6189054846763611,
  0.6653346419334412,
  0.6629955768585205,
  0.6638655662536621,
  0.6623634696006775,
  0.6434599161148071,
  0.6715481281280518,
  0.6478121876716614,
  0.6884700655937195,
  0.6516007781028748,
  0.6546840667724609,
  0.6764418482780457],
 "recall": [0.4833916127681732,
  0.44690266251564026,
  0.5255101919174194,
  0.472172349691391,
  0.4852941036224365,
  0.5141593217849731,
  0.5500878691673279,
  0.49865472316741943,
  0.5335628390312195,
  0.5050597786903381,
  0.5611448287963867,
  0.4986642897129059,
  0.5535872578620911,
  0.602787435054779,
  0.5289473533630371,
  0.5764809846878052,
  0.5395430326461792,
  0.5621145367622375,
  0.573298454284668,
  0.540229856967926,
  0.5648390054702759,
  0.5662222504615784,
  0.5443279147148132,
  0.5303292870521545,
  0.562556266784668,
  0.5590277910232544,
  0.578098475933075,
  0.5625571012496948,
  0.5460232496261597,
  0.5758377313613892,
  0.5756266117095947,
  0.5669642686843872,
  0.5495004653930664,
  0.5417025089263916,
  0.6185476779937744,
  0.5369545817375183,
  0.5690608024597168,
  0.5623931884765625,
  0.554367184638977,
  0.5736433863639832,
  0.5452898740768433,
  0.6103004217147827,
  0.5754961371421814,
  0.5555555820465088,
  0.5641476511955261,
  0.5584176778793335,
  0.5544642806053162,
  0.6022628545761108,
  0.5361284613609314,
  0.5945017337799072],
 "lr": [0.01,
  0.01,
  0.01,
  0.01,
  0.01,
  0.01,
  0.01,
  0.01,
  0.01,
  0.01,
  0.01,
  0.01,
  0.01,
  0.01,
  0.01,
  0.01,
  0.01,
  0.01,
  0.01,
  0.0019999999,
  0.0019999999,
  0.0019999999,
  0.0019999999,
  0.0019999999,
  0.0019999999,
  0.0019999999,
  0.0019999999,
  0.0019999999,
  0.0019999999,
  0.0019999999,
  0.0019999999,
  0.0019999999,
  0.0019999999,
  0.0019999999,
  0.0019999999,
  0.0019999999,
  0.0019999999,
  0.0019999999,
  0.0019999999,
  0.00039999996,
  0.00039999996,
  0.00039999996,
  0.00039999996,
  0.00039999996,
  0.00039999996,
  0.00039999996,
  0.00039999996,
  0.00039999996,
  0.00039999996,
  0.00039999996]}