{"loss": [0.8763765096664429,
  0.7046226263046265,
  0.6519663333892822,
  0.6699249148368835,
  0.6802893280982971,
  0.633552610874176,
  0.6255258917808533,
  0.6270135641098022,
  0.6276392340660095,
  0.6218815445899963,
  0.6201109886169434,
  0.6176839470863342,
  0.6141728162765503,
  0.6218457221984863,
  0.6181851029396057,
  0.6073799729347229,
  0.6285702586174011,
  0.6118249893188477,
  0.601181149482727,
  0.6040407419204712,
  0.60617595911026,
  0.5927920341491699,
  0.6067535877227783,
  0.6129951477050781,
  0.5996306538581848,
  0.609907329082489,
  0.6054211854934692,
  0.6016963720321655,
  0.6028271317481995,
  0.5999236106872559,
  0.6044281721115112,
  0.5946773886680603,
  0.6001294255256653,
  0.6142556667327881,
  0.5941686034202576,
  0.6048278212547302,
  0.610613226890564,
  0.5948683023452759,
  0.5921801924705505,
  0.612442135810852,
  0.6049858331680298,
  0.5888403654098511,
  0.599853515625,
  0.5986852645874023,
  0.6074782609939575,
  0.6067636609077454,
  0.597052276134491,
  0.6112706661224365,
  0.6016861200332642,
  0.5924215912818909],
 "accuracy": [0.5257812738418579,
  0.574999988079071,
  0.6195312738418579,
  0.6023089289665222,
  0.600781261920929,
  0.645312488079071,
  0.658203125,
  0.6492834687232971,
  0.655468761920929,
  0.6636718511581421,
  0.6546875238418579,
  0.6731687784194946,
  0.6640625,
  0.6664062738418579,
  0.657421886920929,
  0.6787420511245728,
  0.659375011920929,
  0.6695312261581421,
  0.6910156011581421,
  0.6863057613372803,
  0.680859386920929,
  0.7054687738418579,
  0.6812499761581421,
  0.6763535141944885,
  0.6917968988418579,
  0.6640625,
  0.682812511920929,
  0.6886942386627197,
  0.680859386920929,
  0.692187488079071,
  0.6812499761581421,
  0.6902866363525391,
  0.6953125,
  0.6664062738418579,
  0.6976562738418579,
  0.6787420511245728,
  0.673046886920929,
  0.703906238079071,
  0.6953125,
  0.6831210255622864,
  0.678906261920929,
  0.707812488079071,
  0.6878906488418579,
  0.6875,
  0.6761718988418579,
  0.678515613079071,
  0.692187488079071,
  0.6675955653190613,
  0.685546875,
  0.690234363079071],
 "precision": [0.4910873472690582,
  0.5376838445663452,
  0.6120071411132812,
  0.583106279373169,
  0.57485032081604,
  0.6382575631141663,
  0.6513513326644897,
  0.6452991366386414,
  0.641526997089386,
  0.6651291251182556,
  0.6398104429244995,
  0.6763668656349182,
  0.6483420729637146,
  0.6656686663627625,
  0.6522132158279419,
  0.6675874590873718,
  0.656050980091095,
  0.6613976955413818,
  0.6823529601097107,
  0.6875,
  0.6804511547088623,
  0.706413745880127,
  0.6694756746292114,
  0.6779359579086304,
  0.6894075274467468,
  0.6609865427017212,
  0.671875,
  0.6899999976158142,
  0.6748815178871155,
  0.695652186870575,
  0.6845753788948059,
  0.6827524304389954,
  0.6892018914222717,
  0.666064977645874,
  0.688209593296051,
  0.6753876209259033,
  0.6706421971321106,
  0.7004444599151611,
  0.685661792755127,
  0.7021494507789612,
  0.6771799921989441,
  0.7168224453926086,
  0.6836158037185669,
  0.6958613991737366,
  0.6711711883544922,
  0.6730037927627563,
  0.6854764223098755,
  0.677669882774353,
  0.6729559898376465,
  0.6998106241226196],
 "recall": [0.4614740312099457,
  0.5,
  0.5580065250396729,
  0.5431472063064575,
  0.49146756529808044,
  0.5616666674613953,
  0.5970272421836853,
  0.6183456182479858,
  0.5809443593025208,
  0.5914683938026428,
  0.572519063949585,
  0.6281736493110657,
  0.6191666722297668,
  0.5623946189880371,
  0.5947281718254089,
  0.619128942489624,
  0.5934156179428101,
  0.6442463397979736,
  0.5984522700309753,
  0.5749129056930542,
  0.6028309464454651,
  0.6457473039627075,
  0.6069609522819519,
  0.6281945705413818,
  0.6341866254806519,
  0.6045939326286316,
  0.6163575053215027,
  0.5938037633895874,
  0.6003372669219971,
  0.5855318903923035,
  0.6360708475112915,
  0.6436394453048706,
  0.6204564571380615,
  0.6039279699325562,
  0.6539419293403625,
  0.5962361097335815,
  0.6046319007873535,
  0.6517783403396606,
  0.6300675868988037,
  0.5759865641593933,
  0.6063122749328613,
  0.6328383088111877,
  0.6105971336364746,
  0.6065436005592346,
  0.6162117719650269,
  0.5964616537094116,
  0.6232127547264099,
  0.5811823606491089,
  0.6294117569923401,
  0.608230471611023],
 "lr": [0.01,
  0.01,
  0.01,
  0.01,
  0.01,
  0.01,
  0.01,
  0.01,
  0.01,
  0.0019999999,
  0.0019999999,
  0.0019999999,
  0.0019999999,
  0.0019999999,
  0.0019999999,
  0.0019999999,
  0.0019999999,
  0.0019999999,
  0.0019999999,
  0.00039999996,
  0.00039999996,
  0.00039999996,
  0.00039999996,
  0.00039999996,
  0.00039999996,
  0.00039999996,
  0.00039999996,
  0.00039999996,
  0.00039999996,
  7.999999e-05,
  7.999999e-05,
  7.999999e-05,
  7.999999e-05,
  7.999999e-05,
  7.999999e-05,
  7.999999e-05,
  7.999999e-05,
  7.999999e-05,
  7.999999e-05,
  1.5999998e-05,
  1.5999998e-05,
  1.5999998e-05,
  1.5999998e-05,
  1.5999998e-05,
  1.5999998e-05,
  1.5999998e-05,
  1.5999998e-05,
  1.5999998e-05,
  1.5999998e-05,
  3.1999996e-06]}